Dno,Name
1,Grazia
2,Gal
3,Merrie
4,Lynn
5,Warren
6,Ilsa
7,Kennie
8,Aluin
9,Bartholomeo
10,Chrotoem
11,Bernadette
12,Gerhard
13,Frederico
14,Stafani
15,Ardyce
16,Laurice
17,Nanny
18,Eziechiele
19,Neill
20,Gerik
21,Maison
22,Marice
23,Ninette
24,Joanie
25,Chris
26,Kore
27,Gerardo
28,Laryssa
29,Sascha
30,Corine
31,Jan
32,Wes
33,Gabi
34,Carissa
35,Beatrice
36,Evered
37,Gregorio
38,Bernhard
39,Fina
40,Rance
41,Nicholas
42,Brooks
43,Xenia
44,Vanda
45,Brett
46,Rocky
47,Simone
48,Deanne
49,Galina
50,Hewet
51,Kevin
52,Tuck
53,Valina
54,Wendall
55,Agnola
56,Gun
57,Lars
58,Freida
59,Banky
60,Clotilda
61,Andy
62,Lissa
63,Yorgos
64,Morgen
65,Lowrance
66,Beau
67,Bartolemo
68,Alida
69,Althea
70,Caldwell
71,Suzanna
72,Heddi
73,Salvidor
74,Pattin
75,Joelynn
76,Violante
77,Leola
78,Hugo
79,Fayth
80,Johny
81,Jo-anne
82,Brocky
83,Petunia
84,Austin
85,Cary
86,Marlane
87,Audrye
88,Alexi
89,Travis
90,Maris
91,Jacquette
92,Carina
93,Andee
94,Annamaria
95,Ethelred
96,Mia
97,Hedvig
98,Alic
99,Robena
100,Brenn
101,Zea
102,Libbie
103,Teena
104,Vachel
105,Sam
106,Brinn
107,Sara-ann
108,Oby
109,Dmitri
110,Simone
111,Corri
112,Costanza
113,Winifred
114,Patrice
115,Aurelia
116,Bert
117,Hanny
118,Cammi
119,Veriee
120,Bee
121,Mallorie
122,Gualterio
123,Ginelle
124,Bale
125,Cleavland
126,Gloriane
127,Richardo
128,Deni
129,Dione
130,Robinetta
131,Jacquenetta
132,Pavia
133,Hattie
134,Ruthann
135,Adelheid
136,Hans
137,Ferd
138,Wylma
139,Alene
140,Titos
141,Ody
142,Pet
143,Caz
144,Khalil
145,Heidie
146,Joly
147,Ortensia
148,Dalenna
149,Angelia
150,Sampson
151,Zacharie
152,Kare
153,Charlena
154,Betsey
155,Haze
156,Burch
157,Lovell
158,Troy
159,Sollie
160,Bret
161,Winn
162,Harley
163,Philbert
164,Royce
165,Esta
166,Petunia
167,Imogene
168,Beltran
169,Morey
170,Ranna
171,Ivan
172,Joann
173,Crystal
174,Laureen
175,Nelson
176,Rafaellle
177,Deanna
178,Shurlocke
179,Guthrie
180,Pierre
181,Jess
182,Aguste
183,Lonny
184,Ferdy
185,Traver
186,Trix
187,Hillard
188,Malinde
189,Danielle
190,Dael
191,Mendy
192,Boonie
193,Zoe
194,Rana
195,Les
196,Marcy
197,Ivy
198,Kerk
199,Perla
200,Jerrie
201,Aimee
202,Timothea
203,Alica
204,Boony
205,Hube
206,Clementia
207,Clayton
208,Chantalle
209,Brandie
210,Lissie
211,Agna
212,Joshuah
213,Mervin
214,Thedrick
215,Berton
216,Dennie
217,Sandor
218,Terrel
219,Dorena
220,Murdoch
221,Keely
222,Georgine
223,Wendall
224,Blithe
225,Arthur
226,Davy
227,Reynard
228,Gladys
229,Alair
230,Chrissy
231,Jerrome
232,Arnie
233,Cthrine
234,Herminia
235,Ramon
236,Dannie
237,Teodora
238,Kaitlyn
239,Thomasine
240,Geneva
241,Ainsley
242,Beulah
243,Hartley
244,Haskell
245,Allys
246,Patin
247,Currie
248,Whitaker
249,Idelle
250,Glori
251,Katusha
252,Colman
253,Sofie
254,Charo
255,Rikki
256,Whittaker
257,Keenan
258,Waite
259,Son
260,Latia
261,Yvette
262,Morena
263,Zita
264,Lannie
265,Aurelea
266,Tish
267,Margo
268,Gerianne
269,Alvinia
270,Jarrad
271,Maitilde
272,Moshe
273,Rinaldo
274,Germain
275,Cathleen
276,Paolina
277,Valma
278,Martynne
279,Rockwell
280,Chrissy
281,Ariela
282,Lib
283,Rafaela
284,Rock
285,Kingsly
286,Jammal
287,Liam
288,Rosaline
289,Milo
290,Maribeth
291,Pierrette
292,Maynard
293,Corina
294,Beau
295,Mischa
296,Odele
297,Towney
298,Yettie
299,Red
300,Harri
301,Didi
302,Catarina
303,Cirilo
304,Dora
305,Calvin
306,Ulrich
307,Tracie
308,Leelah
309,Zelig
310,Stephanie
311,Ewen
312,Esme
313,Meade
314,Leona
315,Zena
316,Layney
317,Wells
318,Cahra
319,Phoebe
320,Janie
321,Arlyne
322,Malynda
323,Powell
324,Ettore
325,Sly
326,Randall
327,Jamesy
328,Georgianna
329,Lane
330,Jelene
331,Marty
332,Shaun
333,Neddy
334,Edgardo
335,Katusha
336,Aloin
337,Auberon
338,Marya
339,Alexia
340,Lion
341,Zackariah
342,Aviva
343,Leonhard
344,Billi
345,Gnni
346,Phillip
347,Melvin
348,Nap
349,Kessiah
350,Ferdie
351,Celestina
352,Marcelo
353,Vivianna
354,Dolph
355,Casie
356,Justus
357,Tammy
358,Ava
359,Homer
360,Alexander
361,Nyssa
362,Bobbye
363,Berkly
364,Dael
365,Early
366,Zed
367,Amity
368,Cathryn
369,Nelia
370,Cloris
371,Opal
372,Tod
373,Reinhard
374,Kira
375,Allyson
376,Kayley
377,Viv
378,Stanleigh
379,Shellie
380,Silvie
381,Sydney
382,Bradan
383,Hinda
384,Corina
385,Cynthia
386,Marjory
387,Torrence
388,Fan
389,Katherina
390,Fonzie
391,Lamond
392,Branden
393,Grace
394,Isahella
395,Kiley
396,Bruis
397,Roseanna
398,Chad
399,Maurise
400,Paxton
401,Elise
402,Armin
403,Frederigo
404,Briny
405,Alidia
406,Coleen
407,Celinda
408,Karel
409,Glyn
410,Simone
411,Galven
412,Ingrid
413,Ahmad
414,Linus
415,Trefor
416,Irwinn
417,Eustace
418,Wylma
419,Shane
420,Jennine
421,Perry
422,Agna
423,Elsworth
424,Saundra
425,Afton
426,Gray
427,George
428,Marian
429,Anne-corinne
430,Ewan
431,Pearla
432,Ekaterina
433,Pansie
434,Melany
435,Howey
436,Onfroi
437,Agosto
438,Desi
439,Rip
440,Chas
441,Fraze
442,Garrett
443,Tildie
444,Willis
445,Morse
446,Emmi
447,Dulce
448,Myrah
449,Papagena
450,Hyacinth
451,Em
452,Thorpe
453,Wyn
454,Flss
455,Fabio
456,Laureen
457,Jada
458,Dorelle
459,Cathy
460,Oralia
461,Davey
462,Bourke
463,Paulina
464,Ari
465,Alwin
466,Elly
467,Gerardo
468,Rowan
469,Redford
470,Winne
471,Ashley
472,Wilmette
473,Charissa
474,Alyosha
475,Leena
476,Donnamarie
477,Bird
478,Marlin
479,Collette
480,Christophe
481,Maure
482,Tobye
483,Lennie
484,Angel
485,Colan
486,Myrwyn
487,Maegan
488,Scotti
489,Nealson
490,Dael
491,Herminia
492,Raquela
493,Stephan
494,Derrik
495,Carol
496,Kania
497,Enrichetta
498,Dollie
499,Martainn
500,Rodrick
501,Kati
502,Rebbecca
503,Vite
504,Hazlett
505,Franciskus
506,Gilberte
507,Stacie
508,Robin
509,Rosaline
510,Beatrix
511,Ruthann
512,Noreen
513,Amandie
514,Shirlene
515,Ainsley
516,Trip
517,Lorna
518,Vin
519,Emile
520,Meridith
521,Maire
522,Nanice
523,Levin
524,Kaine
525,Abbye
526,Vittoria
527,Rubie
528,Loutitia
529,Hyatt
530,Kerr
531,Mariya
532,Westley
533,Vivianne
534,Timmie
535,Caroljean
536,Kimberlyn
537,Dory
538,Ailee
539,Dennie
540,Myca
541,Lorri
542,Enrico
543,Veronica
544,Selby
545,Cymbre
546,Cary
547,Lorie
548,Glynnis
549,Reta
550,Giusto
551,Borden
552,Bathsheba
553,Bern
554,Krystalle
555,Cheston
556,Barbra
557,Torey
558,Etty
559,Baxie
560,Marlee
561,Elladine
562,Dionysus
563,Emmanuel
564,Polly
565,Prinz
566,Kathie
567,Arty
568,Yulma
569,Malchy
570,Aeriell
571,Althea
572,Norrie
573,Cammi
574,Billye
575,Rachele
576,Angela
577,Sharai
578,Yetty
579,Marje
580,Eamon
581,Rafael
582,Calley
583,Garrot
584,Joline
585,Rriocard
586,Gale
587,Carma
588,Minetta
589,Gareth
590,Mercie
591,Alan
592,Hilliary
593,Ardath
594,Theressa
595,Merridie
596,Jaquelyn
597,Tab
598,Lauren
599,Tori
600,Francyne
601,Dionisio
602,Sella
603,Carol-jean
604,Yvonne
605,Linea
606,Gwyneth
607,Claus
608,Ainslie
609,Pam
610,Claire
611,Keir
612,Lenee
613,Vail
614,Talbot
615,Ethelbert
616,Jonell
617,Brittni
618,Goldie
619,Berta
620,Cully
621,Wynn
622,Cirillo
623,Elliott
624,Brenn
625,Salem
626,Robb
627,Roman
628,Elvis
629,Tildi
630,Courtney
631,Roseline
632,Pauletta
633,Julee
634,Torie
635,Karita
636,Tuesday
637,Grantham
638,Steve
639,Salim
640,Caron
641,Baldwin
642,Karlens
643,Biddie
644,Maridel
645,Wilie
646,Anatollo
647,Kipper
648,Clemente
649,Janaya
650,Maje
651,Abba
652,Belicia
653,Vanya
654,Dennet
655,Anabel
656,Siana
657,Jan
658,Sonni
659,Chaddie
660,Johan
661,Terencio
662,Kerstin
663,Hashim
664,"Jo ann"
665,Giraldo
666,Merlina
667,Doyle
668,Ailee
669,Jada
670,Kelby
671,Philippe
672,Alessandro
673,Marlon
674,Ignazio
675,Karim
676,Andria
677,Germain
678,Veradis
679,Georgeanna
680,Budd
681,Earl
682,Kenny
683,Ugo
684,Prudy
685,George
686,Alisun
687,Cornelia
688,Rollo
689,Abraham
690,Catherina
691,May
692,Benedicta
693,Nat
694,Innis
695,Kimball
696,Gilberta
697,Gordan
698,Aguste
699,Adaline
700,Kingsly
701,Way
702,Brandon
703,Sena
704,Link
705,Isacco
706,Smith
707,Barrett
708,Tabb
709,Gothart
710,Caryl
711,Germana
712,Skipp
713,Herby
714,Vivianne
715,Olympie
716,Gusta
717,Marley
718,Adham
719,Carol-jean
720,Marris
721,Base
722,Armin
723,Terri
724,Shayla
725,Deonne
726,Woodrow
727,Marianne
728,Nicky
729,Barret
730,Amata
731,Sibby
732,Kimberli
733,Karoly
734,Tristam
735,Claudina
736,Lexine
737,Ivett
738,Englebert
739,Kingston
740,Estel
741,Harley
742,Alfie
743,Daren
744,Mayer
745,Demetria
746,Angil
747,Winthrop
748,Patsy
749,Husain
750,Michale
751,Letisha
752,Bordie
753,Mada
754,Hirsch
755,Cecil
756,Frank
757,Poul
758,Brannon
759,Edeline
760,Nerissa
761,Norry
762,Arther
763,Ring
764,Amelia
765,Carlin
766,Yuri
767,Sadye
768,Vince
769,Adi
770,Rawley
771,Berkeley
772,Kaitlyn
773,Ricca
774,Chanda
775,Dwight
776,Nananne
777,Andras
778,Derby
779,Brien
780,Codie
781,Diane
782,Rourke
783,Everett
784,Ephrayim
785,Tamqrah
786,Orel
787,Glynda
788,Viki
789,Dagny
790,Martie
791,Jannel
792,Gasparo
793,Konstanze
794,Reidar
795,Pat
796,Archy
797,Bettye
798,Ceil
799,Kesley
800,Kendal
801,Julieta
802,Orsola
803,Syd
804,Genni
805,Stefanie
806,Filippo
807,Rem
808,Benton
809,Conrado
810,Gaby
811,Brigg
812,Neall
813,Bamby
814,Dalis
815,Kenon
816,Janeta
817,Linea
818,Tyler
819,Daniele
820,Indira
821,Fabian
822,Charmaine
823,Frazer
824,Gratia
825,Mabel
826,Osmund
827,Hi
828,Ronica
829,Hilda
830,Geoffrey
831,Genia
832,Theresina
833,Tommy
834,Cherilyn
835,Hamel
836,Flory
837,Franni
838,Lind
839,Barnie
840,Colette
841,Reggie
842,Reine
843,Waylen
844,Burnard
845,Rhonda
846,Amabel
847,Haleigh
848,Merle
849,Eleonora
850,Cynthie
851,Jordana
852,Dennet
853,Augustine
854,Dennis
855,Trixie
856,Elenore
857,Chrotoem
858,Jolene
859,Thaine
860,Saundra
861,Tildi
862,Gradeigh
863,Shaw
864,Sholom
865,Lilla
866,Elbertine
867,Sela
868,Drake
869,Samara
870,Hilton
871,Salomo
872,Issy
873,Rab
874,Wells
875,Lucias
876,Dedra
877,Padget
878,Christopher
879,Prisca
880,Joeann
881,Karyn
882,Shandra
883,Gerrard
884,Adi
885,Dermot
886,Babara
887,Liana
888,Jennette
889,Hugibert
890,Berte
891,Noah
892,Marian
893,Meggie
894,Wittie
895,Wilbur
896,Norbie
897,Hannie
898,Francesca
899,Kimberli
900,Loria
901,Rriocard
902,Borden
903,Katrina
904,Morganica
905,Franchot
906,Robbie
907,Wilfrid
908,Mill
909,Jack
910,Oralia
911,Joelle
912,Smith
913,Joshua
914,Adriane
915,Luciano
916,Sherline
917,Aurelia
918,Jared
919,Edin
920,Tabb
921,Timotheus
922,Alain
923,Jacquie
924,Dee
925,Farrell
926,Regan
927,Steffi
928,Turner
929,Flem
930,Kathie
931,Galen
932,Theresa
933,Vassily
934,Evangelin
935,Lora
936,Madelyn
937,Gran
938,Glennis
939,Jamill
940,Lindi
941,Koral
942,Kingston
943,Catie
944,Nels
945,Jemmie
946,Zelda
947,Garrett
948,Shell
949,Abey
950,Camellia
951,Millicent
952,Meir
953,Yankee
954,Roze
955,Adiana
956,Elene
957,Rabbi
958,Flemming
959,Yehudit
960,Elsie
961,Lisette
962,Barris
963,Rog
964,Thomas
965,Katerina
966,Ashlen
967,Ariana
968,Aloysia
969,Barbee
970,Evangelin
971,Avie
972,Wilow
973,Jordain
974,Neale
975,Lucius
976,Morena
977,Jay
978,Marcela
979,Dominic
980,Roscoe
981,Temple
982,Trudie
983,Chelsy
984,Carita
985,Xenos
986,Ralina
987,Geordie
988,Celesta
989,Linnell
990,Dietrich
991,Iosep
992,Willy
993,Hestia
994,Peria
995,Marian
996,Bernadene
997,Patty
998,Stirling
999,Marten
1000,Edik
